feature,perm_macro_f1_drop_mean,perm_macro_f1_drop_std
emb_501,0.005199095944639654,0.000773592867796814
emb_470,0.00407936319775386,0.0007301264176738723
emb_360,0.003788410539305942,0.000958201707502034
emb_394,0.002786333162182775,0.0005914314773087843
emb_271,0.0025058593388861627,0.0013155706737682628
emb_23,0.0024707251459182176,0.0012662461498613331
emb_508,0.002431033245582137,0.0015967862862672584
emb_84,0.0021072563231061547,0.0005101720136080965
emb_275,0.002053330614700033,0.001319710585372594
emb_187,0.0020490773312400235,0.00017737972306736385
emb_163,0.0019399670518998491,0.0008195532074228532
emb_222,0.0019148895121274601,0.0009909412597112824
emb_356,0.0018838556571179944,0.0013260917130025176
emb_436,0.0018388144838794585,0.001631597098515876
emb_506,0.0018026598913598812,0.0007116146538255799
emb_140,0.0015113036631948296,0.0008088958466325238
emb_162,0.0014864548539193611,0.0005214472063740429
emb_134,0.0014828171800485457,0.0007201635456608793
emb_438,0.0014256438967735097,0.0003505233457418462
emb_94,0.0013814508474433661,0.0003032726423207011
emb_10,0.0013151143989873493,0.0005442297267345103
emb_27,0.0012914527688508315,0.0009412230029154911
emb_328,0.0012218566774364835,0.0009434444882211426
emb_129,0.0011781996967483055,0.00035287938036685396
emb_283,0.0011671723071920992,0.0003920650621554272
emb_32,0.0011387114558875089,0.0007185887812535101
emb_272,0.0011170160720022971,0.0011191836201024138
emb_485,0.0009877278129500455,0.00014121040377502178
emb_421,0.0009767373707047166,0.00038747214798213504
emb_459,0.0009606370683319599,0.0007136082469183817
emb_193,0.0009355098857483756,0.0007510926231865176
emb_321,0.0009351671243929216,0.0005413227306290643
emb_21,0.00093335916373265,0.0006673478257923864
emb_50,0.0009247246395219566,0.0007726402225609204
emb_30,0.000917497323346117,0.0004658944979711243
emb_232,0.0008324835734347724,0.0008948161501242547
emb_392,0.0008152810195652726,0.0004530736019826833
emb_369,0.0008079844201793751,0.0009061252304079475
emb_425,0.0007958995288435799,0.00048394842502903887
emb_130,0.000790519833441583,0.0006398399130510867
emb_305,0.0007883080762131067,0.00019271264832202556
emb_455,0.0007760394019164618,0.00011062083423260661
emb_458,0.000770486649965374,0.0010278735586363742
emb_285,0.0007620026828320858,0.0003526214906601815
emb_417,0.000752222447113704,0.0003160737958793931
emb_500,0.0007515738876176181,0.0002759379398393702
emb_357,0.0007438948274084867,0.0005715908646274733
emb_426,0.000728587165990735,0.0004707314201491822
emb_227,0.0007208457328057083,0.00021760815242768773
emb_81,0.0007126612261299181,0.000467051231320601
emb_445,0.000706384620978806,0.0003226565303274152
emb_182,0.000695941989058424,0.0004621361247694378
emb_509,0.0006848965361658799,0.00036511903805790927
emb_295,0.0006653525517411385,0.0004570744160061054
emb_237,0.0006526163063943046,0.0006562265811008088
emb_174,0.0006310922521272966,0.0003099783884907798
emb_260,0.0006080127698099736,0.0005192879334498465
emb_393,0.000594149699464075,0.00047485497481283606
emb_340,0.0005923082928914302,0.0012344593053716648
emb_24,0.0005907522071304294,0.0009036367931931315
emb_290,0.0005892166726066073,0.0005680492241963301
emb_329,0.0005715577595529542,0.00033425818045521564
emb_196,0.0005705209781583064,0.00108512425800711
emb_99,0.000560150517343283,0.0007204878759985001
emb_108,0.0005464503865132642,0.0003063090519238309
emb_337,0.0005449253831927737,0.00048409795155117245
emb_492,0.0005426561557751785,0.000540619345982719
emb_451,0.0005365908278930131,0.00023196679865471613
emb_351,0.0005160930376177264,0.00037802310670360576
emb_38,0.0005078529571110657,0.0006612109835681199
emb_26,0.0005033182479249554,0.00038170561058738673
emb_3,0.0005000071459908328,0.00031934084305109767
emb_229,0.00046633684844779035,0.00014153118715823888
emb_142,0.00045927484745493795,0.0003862276702847624
emb_428,0.0004481214017553636,0.0002933907319094245
emb_460,0.00043251490910485303,0.0005239555637968795
emb_287,0.0004018566926966338,0.0005466477009690014
emb_435,0.00039282939388727287,6.25425834525021e-05
emb_383,0.0003811128488916182,0.00024032955394061574
emb_497,0.0003693547307296541,0.00040428718187166473
emb_68,0.0003693428148315636,0.0001871004116622177
emb_16,0.00036845733065942187,0.00026620354992997814
emb_35,0.0003675833450104138,0.0008267649155737365
emb_154,0.0003628317968918049,0.000351494200439636
emb_382,0.0003625694725574835,0.00019628551155414167
emb_439,0.00035542730986932726,0.000487100622336465
emb_375,0.00034273566385456533,0.00037068619322460657
emb_221,0.00033750232401088545,0.00027840575547078875
emb_406,0.00033193223051959376,0.0003052833734256654
emb_64,0.00033004921225785464,0.0003595587992969087
emb_189,0.00032835186652278023,0.00014498694974987702
emb_244,0.00032499788048054865,0.00045029874322169314
emb_467,0.00032386969540056933,0.0005859985231912011
emb_461,0.0003129733863112438,0.00032430372859062106
emb_481,0.0003126945737121023,0.00020602626754283093
emb_231,0.00031132529557202914,0.0002911462692021672
emb_12,0.0003097631164652004,0.00023509184572066054
emb_372,0.00030963632970957276,0.00046081659449985745
emb_484,0.00030953828719926246,0.0005988989755535059
emb_423,0.0003090466983778128,0.00017406520277903268
emb_146,0.0003071410339403835,0.0003729464703188625
emb_318,0.00030678455533323935,0.0003628686817199605
emb_122,0.0002928984329923168,0.0003716342296505258
emb_294,0.00029201595205758936,0.00026167711308102657
emb_118,0.00028917203712197637,0.0002574439959375164
emb_263,0.00028774804436244584,0.0004413274860180176
emb_430,0.0002764343508258937,0.0002005855669621195
emb_476,0.0002744758189999752,0.0008826830093891214
emb_325,0.00027180230678642837,0.0002645649262478026
emb_366,0.00026972466703671926,0.0004562745433454239
emb_8,0.0002692589594099681,0.0004720337367364907
emb_245,0.0002688286616636004,0.00017387183240649888
emb_377,0.0002678344999802906,0.00039511915519705473
emb_475,0.00024853422374440106,0.0003349036658305648
emb_326,0.0002482541385278259,0.00027318362430223006
emb_462,0.00024306773149727068,0.00020450971612065384
emb_195,0.00022896144702022614,0.0005841636833793327
emb_178,0.00022639201578911194,0.00031792451626458157
emb_73,0.00022589777470130023,0.00034357674140949375
emb_442,0.00021941098194144804,0.00047804956429187275
emb_440,0.00021890840107745556,0.00029146592870340663
emb_180,0.00021466230309707957,0.0003167139103661807
emb_420,0.0002121622449005267,0.0006126760362901257
emb_58,0.00020832564257724506,0.0003604654112330158
emb_211,0.0002067069803612487,0.00011647402509238128
emb_51,0.00020390775788383663,0.0005870621058467387
emb_235,0.00020261114790669498,0.00045390638446808
emb_359,0.00019880783410273218,0.00010616228667724109
emb_434,0.0001964242065869204,0.00027929232258163225
emb_409,0.00019379221462747508,0.000312891367397571
emb_302,0.00019338701015965133,0.0006395106198034236
emb_352,0.00019261613231582597,0.0005570457734414799
emb_183,0.0001912389051181851,0.00039289270228507584
emb_96,0.0001846956469194083,0.0003746361824346708
emb_37,0.00018420287966407488,6.45058956046017e-05
emb_324,0.00017491362406367726,0.0002729617062199201
emb_74,0.00017392034109351418,8.603702008322579e-05
emb_188,0.00017188202712872246,0.0002869691183334482
emb_25,0.00016301237848306282,0.0006020141172978068
emb_87,0.00016125341891208843,0.000177861693018073
emb_213,0.00015710021711559107,0.0004404801129614229
emb_483,0.00015672509617137287,0.00024964216383346985
emb_44,0.00014875407356804705,0.00027204733234895877
emb_391,0.00014242533252464273,0.00023843119313987524
emb_46,0.00014180313643885611,0.0006604906332818882
emb_147,0.00013923924666896513,0.00018161488649505068
emb_156,0.00013705708489410994,0.000858018175069257
emb_216,0.00013567487436554336,0.000146077255729261
emb_410,0.00013283469972418248,0.0004757277335375287
emb_349,0.00013103695030209918,0.00047990599360618575
emb_368,0.0001292642848368386,0.00016540829435470302
emb_206,0.00012840013170591912,0.0003421466237042486
emb_452,0.00012186748893558975,0.00021886360784854794
emb_100,0.00011430702878660881,0.0007217010017474467
emb_274,0.00011347376155550482,0.00037054365622016716
emb_346,0.00011110901141369034,0.00020496787878437496
emb_70,0.00010743672403776828,0.0002608443981882072
emb_286,0.00010678031459310233,0.0002990778995785407
emb_297,0.00010201772237985462,6.606984236840999e-05
emb_247,0.00010152935982727928,0.0005165043356190727
emb_60,0.0001008260511063952,0.0002941907587400482
emb_353,9.854585100625979e-05,0.00024610559519648676
emb_431,9.631077688756484e-05,0.0005893657821928651
emb_374,9.576038944716369e-05,5.146439272965956e-05
emb_323,9.380349321488345e-05,0.0002875565243578135
emb_219,8.888616100946045e-05,7.27486238120239e-05
emb_11,8.841134625754421e-05,0.0002586708923359211
emb_384,8.837154648810852e-05,0.0003570323969018803
emb_85,8.706231577604306e-05,8.912850286449526e-05
emb_367,8.511723132422765e-05,0.0005785994838008549
emb_266,8.441466369872863e-05,0.000487895151092987
emb_185,8.185102395825705e-05,9.671440872801096e-05
emb_241,8.072643714780447e-05,5.701755921912307e-05
emb_220,8.049628035331491e-05,0.00028475705261347934
emb_289,7.69291208189804e-05,0.0002261970152971065
emb_482,7.339272755515491e-05,0.0002147421439677318
emb_474,7.183922613152038e-05,0.00018658518336624907
emb_386,7.059238106712495e-05,0.00022710821711399893
emb_327,7.00260887607218e-05,0.00017355924405220585
emb_456,6.814035659243877e-05,0.00010585383189876677
emb_89,6.245910858155845e-05,0.00012296068317142528
emb_441,6.134396959753819e-05,0.00033817554707977647
emb_381,5.937375565896463e-05,0.00025946582030193365
emb_365,5.863879727512345e-05,0.00034348257399021684
emb_408,5.8344964925605146e-05,0.00020398149627806893
emb_490,5.751601295918007e-05,7.33868448847708e-05
emb_243,5.7129610380202146e-05,0.0001375206830258607
emb_234,5.403038337914445e-05,0.00048324199147775697
emb_312,4.837198889888761e-05,0.0003649692798565285
emb_124,4.491099020622613e-05,0.00013682474610059736
emb_47,4.3804746725673024e-05,0.0004262993554430995
emb_339,4.3231437448398855e-05,0.0006069023713542797
emb_443,3.8658545207614917e-05,0.00015604505297892637
emb_322,3.835719698901397e-05,0.00023472152243464127
emb_333,3.6252297955252645e-05,0.0002992108303561221
emb_48,3.1415827739067484e-05,0.00013995580759421824
emb_291,3.112731806562685e-05,0.0002193349319788324
emb_57,3.02245514744115e-05,8.593739787641415e-05
emb_489,2.8030998002637197e-05,1.9412767984198923e-05
emb_67,2.6368363319373422e-05,0.0
emb_336,2.6368363319373422e-05,0.0
emb_453,2.465410462626494e-05,0.0001435487155250732
emb_97,2.3236454560371378e-05,0.00026436918890204925
emb_102,2.297646793865127e-05,0.00010167322412365181
emb_76,2.2464560517465593e-05,0.00023206012902971578
emb_176,1.9666529599260406e-05,0.00020601873219756146
emb_313,1.9424704724912976e-05,0.00017917330541630423
emb_296,1.8569364475862216e-05,2.3093853963911413e-05
emb_464,1.6984962416977112e-05,9.801259672260249e-05
emb_268,1.6973388651519982e-05,3.581373167842504e-05
emb_207,1.3543686833683566e-05,0.00018401695670263916
emb_123,1.2212952376389197e-05,4.38693428563505e-05
emb_179,1.208841869275723e-05,7.609409555096314e-05
emb_39,1.1960264983579272e-05,4.254000790718564e-05
emb_2,1.1484958612451024e-05,0.0005553619124067966
emb_503,1.0762854535850685e-05,9.695432072139483e-05
emb_429,9.929276646336582e-06,0.0004040997359125984
emb_160,9.39549704368492e-06,0.0002042321300986529
emb_49,8.651621983868373e-06,0.0007649321551313503
emb_109,7.038879058218761e-06,0.0003416812271668433
emb_350,6.936541364588322e-06,1.3873082729176644e-05
emb_54,6.936541364588322e-06,1.3873082729176644e-05
emb_342,1.6617333579382888e-06,1.941480544057642e-05
emb_488,0.0,0.0
emb_385,0.0,0.0
emb_22,0.0,0.0
emb_505,0.0,0.0
emb_454,0.0,0.0
emb_338,0.0,0.0
emb_14,0.0,0.0
emb_486,0.0,0.0
emb_316,0.0,0.0
emb_317,0.0,0.0
emb_332,0.0,0.0
emb_202,0.0,0.0
emb_148,-1.1353427753491018e-09,1.667861244452274e-05
emb_433,-5.732471628050462e-07,0.0006090854281605283
emb_242,-6.156348912877974e-07,5.931201125807347e-05
emb_104,-2.4790161677001877e-06,4.958032335400375e-06
emb_480,-2.6777304844793904e-06,0.00015089202493272046
emb_233,-5.274808006650034e-06,1.0549616013300067e-05
emb_253,-5.274808006650034e-06,1.0549616013300067e-05
emb_496,-5.498671037473813e-06,6.73446915261552e-06
emb_400,-1.1047321740620397e-05,0.000192212789300912
emb_120,-1.1700714665208167e-05,0.00021459856439157867
emb_28,-1.4045672506424189e-05,4.737682565347803e-05
emb_161,-1.4155028337370367e-05,0.0001647803099159762
emb_155,-1.564461230598724e-05,3.679857203685588e-05
emb_495,-1.609109226279326e-05,0.00024756504282550816
emb_380,-1.7331102655693266e-05,3.47684738650981e-05
emb_95,-1.745724692470141e-05,0.000518815387142751
emb_466,-1.9168073741870906e-05,0.00018476714779578236
emb_507,-2.0772992812179148e-05,2.115056916138354e-05
emb_493,-2.1100367836268675e-05,1.9738345735996432e-05
emb_66,-2.3034154406564866e-05,3.6644171424502194e-05
emb_308,-2.540353173956511e-05,5.098094565083229e-05
emb_157,-2.5420183587820944e-05,0.00026556442952907613
emb_344,-2.553616951284088e-05,4.4342587778838497e-05
emb_457,-2.5546735385351127e-05,6.974065302052926e-05
emb_41,-2.9651997154367393e-05,0.00015971524396017698
emb_412,-2.9870998412806495e-05,3.241692370759607e-05
emb_335,-3.0265801710438466e-05,3.0451054064420127e-05
emb_128,-3.251875844092478e-05,0.00013986612713247102
emb_103,-3.3195648419548364e-05,0.00044434845253077165
emb_269,-3.35982331795881e-05,0.0001921033695788445
emb_370,-3.6051301028527935e-05,0.0001606580967260873
emb_115,-3.639737038887425e-05,0.00027190166856317277
emb_224,-3.878744781498078e-05,0.0001925591142420161
emb_143,-4.018655493327472e-05,0.0002613163700466585
emb_389,-4.0549125314948144e-05,7.72039622947635e-05
emb_132,-4.207934478921427e-05,0.00022993492193986993
emb_314,-4.435749105689002e-05,0.0004011860424139534
emb_56,-4.5173332576586844e-05,7.601778339894471e-05
emb_300,-4.965721664764722e-05,0.00016482140524238243
emb_126,-5.1964751170885394e-05,7.79464731486987e-05
emb_487,-5.226712083874485e-05,0.00041696740558183366
emb_200,-5.2517134292551226e-05,0.00018711599413577152
emb_282,-5.2916351481147037e-05,0.00023989146405866917
emb_125,-5.3151909738602396e-05,0.0002169858291006084
emb_186,-5.5454882953154264e-05,0.0001975605122955737
emb_65,-5.613466995901817e-05,0.00011436621595377549
emb_510,-5.8415849894211115e-05,0.0004023522061494137
emb_251,-6.519174888970358e-05,0.0001604421214316833
emb_309,-6.55171942490318e-05,0.00034765060284917034
emb_361,-6.759056218210712e-05,0.00036990078813960744
emb_214,-6.766939603999322e-05,0.00015879761466000932
emb_444,-6.833279709874684e-05,0.00040960437191482824
emb_166,-6.87906392563109e-05,0.0001375812785126218
emb_354,-7.209662764176005e-05,0.00013059482746437476
emb_279,-7.338836752177614e-05,0.00026862550006122445
emb_277,-7.489403254627991e-05,0.00013720084239145032
emb_204,-7.594304209994629e-05,0.0004789303666582434
emb_75,-7.655707266494006e-05,5.3391283293527686e-05
emb_387,-7.697804310418111e-05,4.966407719020425e-05
emb_419,-8.053603204587479e-05,0.00016767550632303387
emb_53,-8.082565691203136e-05,9.413993942438511e-05
emb_225,-8.262414761757153e-05,0.0001914270587615462
emb_376,-8.310699885865081e-05,0.0002458956647951741
emb_192,-8.334389771180728e-05,0.00026553987978722204
emb_86,-8.881896818480062e-05,0.00018481126664396608
emb_293,-9.15797153258735e-05,0.0001060358263703948
emb_320,-9.257454461035764e-05,0.0003725131740288357
emb_92,-9.28436203091243e-05,0.0004276697955240768
emb_398,-9.632236286905016e-05,0.0002719421315522151
emb_199,-9.797294026023807e-05,0.0003787795222036697
emb_13,-9.802686818745076e-05,0.0003368683448972155
emb_364,-0.00010001905172558611,0.0003627807599919452
emb_226,-0.00010266503786127146,0.00019016955517578259
emb_239,-0.00010813934406583847,0.0001531090377668661
emb_348,-0.0001083381136707473,5.864957371396878e-05
emb_209,-0.00010902135046308992,0.00015663188572214465
emb_273,-0.00011035823706668779,0.00024228708016874772
emb_117,-0.00011190162276393245,0.0006477548595407582
emb_345,-0.00011430981729319001,0.00037808186883603464
emb_403,-0.00011935588193732194,0.0002181663824579401
emb_311,-0.00011971499473955039,0.0001576284129118884
emb_276,-0.00011999477137403236,0.0001363761017774537
emb_121,-0.00012108540078044072,0.0006714319721101751
emb_169,-0.00012229609810907594,3.1228029471172207e-05
emb_259,-0.00012240284323155047,0.0003584571122880885
emb_71,-0.00012250539013245466,0.00032949962130226915
emb_388,-0.00012329300901046115,2.9239123192228183e-05
emb_172,-0.00012334853822186797,0.0002934661760630643
emb_262,-0.0001239964245491665,0.00010833575690237625
emb_270,-0.00012597999380501435,0.0002584761116966608
emb_111,-0.00012643490159389704,0.00018516951718557296
emb_288,-0.0001270275563977963,0.0002856633587805679
emb_395,-0.00012739302619877436,0.00022919746178344787
emb_422,-0.0001292068596775664,0.00016780265695051167
emb_223,-0.00013099771691582607,0.00010092170135691286
emb_36,-0.00013355417228517742,0.00031581002940956097
emb_153,-0.00013525249909613902,0.0001998768087980072
emb_42,-0.00013660475451238163,2.79294585319697e-05
emb_473,-0.0001377135722355316,0.00022866299295575725
emb_107,-0.00013874063407888216,0.00025111799701864486
emb_80,-0.00013884137219573046,7.880094922802442e-05
emb_450,-0.00014068148507846435,0.00012520324870046569
emb_378,-0.0001407219120639347,0.00021574488256219726
emb_415,-0.00014150481700920815,0.000223825766106266
emb_477,-0.00014154327375390797,0.00014961750415006607
emb_34,-0.00014259238179483713,1.5868384926618515e-05
emb_114,-0.00014261696191668615,0.00042137487529429545
emb_407,-0.0001432289690457056,0.0002366045742901595
emb_334,-0.00014383500658228244,0.00014504464879283076
emb_175,-0.00014386851026781944,0.0006129595632152695
emb_465,-0.00014416708341127293,0.00026777851971471347
emb_191,-0.0001449718073494255,0.00017059001242495243
emb_396,-0.00014919694368129566,0.00032487115880928773
emb_127,-0.00014977983100787905,0.0005254941173911854
emb_379,-0.00015398774346888632,0.0001428997924197168
emb_69,-0.00015698377386705876,0.00016669590335655372
emb_250,-0.00015767254189904544,0.0002809811268618446
emb_299,-0.00015944471048690012,0.00043519335298501866
emb_405,-0.00015955784476291425,9.95923774126578e-05
emb_194,-0.00016101968316069027,0.00014404394149333122
emb_18,-0.00016165987373955025,0.00018644482094876371
emb_252,-0.0001625635485446919,0.0001714368092355421
emb_168,-0.00016285912896707444,0.0003501913964071858
emb_93,-0.00016552088905037455,0.00012733503542945425
emb_119,-0.0001668654181607776,0.00026828698538100993
emb_447,-0.00016869520281523887,0.00025586970504322035
emb_106,-0.0001687261253690453,0.0001505835467857801
emb_19,-0.00017094469035117132,0.00011364356497017905
emb_205,-0.00017151791906149237,0.0002445487025501161
emb_472,-0.00017601001591240894,0.0005663142511392751
emb_246,-0.00017706981365634978,0.0005820935351274276
emb_158,-0.00017763256639768965,0.00022344711770545708
emb_137,-0.00017780107676053093,0.00028372817551491854
emb_63,-0.0001784972178848321,0.00020975023451388534
emb_236,-0.00017862720902441786,0.0003760965419394929
emb_373,-0.00018201610819241766,0.00023027653405207623
emb_88,-0.0001824530673417035,0.00010063402523407969
emb_254,-0.0001829291997526017,0.0002836531303250224
emb_170,-0.000184380853039956,0.00031640018145603953
emb_184,-0.00018456976401610704,9.963703860532514e-05
emb_491,-0.0001856112719755165,0.00020769107034215937
emb_446,-0.00018678608880215997,0.0001465440133523529
emb_181,-0.00018762644003018637,0.00016784982852429333
emb_499,-0.00018812662234519718,8.986605368645496e-05
emb_362,-0.00018854694018477502,0.0002657642094757963
emb_165,-0.0001895015161283764,0.0002569891830811054
emb_390,-0.00019132586120962358,0.00018811984646617975
emb_55,-0.00019429712023131263,0.0003448043484634861
emb_217,-0.00019481392564775214,0.0002933872516441827
emb_116,-0.00019575693657072346,0.00019990250825997183
emb_131,-0.0001980957321090715,6.880702298720995e-05
emb_173,-0.0001988967510681672,0.0002721234787794669
emb_304,-0.00019932221188316833,0.00041887931730818384
emb_52,-0.00020288478135777055,0.00025512754200196643
emb_212,-0.0002056507592361534,0.0002358265226700058
emb_151,-0.00020569315128895482,0.0002941823681997804
emb_59,-0.00020653853082053253,0.00027907116468359265
emb_261,-0.00020933297795182603,0.00021513365967144917
emb_164,-0.00020957762349720354,0.00017293700280338007
emb_478,-0.0002108083602729405,0.0001046680592986036
emb_177,-0.0002110523664483166,0.00038358427212763723
emb_201,-0.0002154716830347736,0.0001357418792576474
emb_105,-0.0002158581274793292,0.0003582725492473208
emb_112,-0.00021916293531585307,0.0004612656595853203
emb_79,-0.0002207096747946835,0.00025457550324804056
emb_498,-0.0002219743357797954,0.00027173453699483297
emb_468,-0.00022729839396311567,0.00027888919050413557
emb_145,-0.0002285099181935646,0.00022481404821674542
emb_319,-0.00023122691327248646,0.0003475932135914156
emb_371,-0.00023686227594381658,0.0001509267656436918
emb_280,-0.00024318094516420085,0.00014256107679028548
emb_255,-0.00024387924121560545,0.0001418388904234585
emb_502,-0.00024392666694397213,1.6089802918896454e-05
emb_136,-0.00024658266328936307,0.0002850798357085387
emb_159,-0.00024763749916587583,0.00033621869798984203
emb_347,-0.00024995561021490253,0.0003915921991804557
emb_427,-0.00025094148352051705,0.0008987913729378523
emb_29,-0.0002519862633072911,0.0001581902195811415
emb_504,-0.0002521810738053798,0.00046070178581397215
emb_228,-0.00025354986257437596,0.0005837166052695077
emb_61,-0.00025862683460546875,0.0001428606543943926
emb_7,-0.0002595498642770755,0.0004712700013065414
emb_43,-0.0002622081287824374,0.00016420256256542722
emb_249,-0.0002624081958598534,0.00013663215427493403
emb_230,-0.0002663891565350074,0.0004573211403221029
emb_40,-0.0002705012625758174,0.00033004535626233696
emb_355,-0.00027795029027672947,0.00012324462440084825
emb_240,-0.0002828459117441007,0.0005000463334912682
emb_264,-0.0002834663716262842,0.00010292275985948156
emb_292,-0.00028599493229835015,0.0005121079286516179
emb_20,-0.0002860708927540756,0.0001716800126902897
emb_315,-0.0002861753155847024,0.0003479319938810484
emb_215,-0.000286751258545026,0.00027166810645783596
emb_267,-0.0002902927221422047,0.0004428034170597766
emb_301,-0.0002917898800849805,0.0005792457925293853
emb_15,-0.00029185269308604764,0.0003361979144382665
emb_404,-0.00030038074338663013,0.00016346191391913023
emb_9,-0.0003042334117463241,0.0001625342624643124
emb_82,-0.0003045401274609949,0.0007434764099045081
emb_6,-0.00030526551092413534,0.0003527476853068602
emb_101,-0.0003053316629394676,0.00031530608627813465
emb_479,-0.0003095103008403877,7.249573457303058e-05
emb_90,-0.000311299382420116,0.00036669393135904384
emb_341,-0.0003128667616159042,0.00031550542092510006
emb_265,-0.0003154901769005347,0.00015643109127210455
emb_218,-0.000319058375820358,0.00033251162836309296
emb_469,-0.00033027828827170147,0.0004060361172837975
emb_98,-0.0003308174526816865,7.600200610385781e-05
emb_281,-0.00033094916336613435,0.0006308019047753431
emb_17,-0.00033293600831472145,0.0002622068023295897
emb_141,-0.0003351477366876798,0.00043275331093572955
emb_210,-0.0003353878625564688,0.0004561608929424685
emb_413,-0.00033612977148944623,0.00022398865362659398
emb_448,-0.0003400406991127758,0.0002289279792711073
emb_190,-0.0003414484950331698,0.00016906380528343713
emb_471,-0.0003439531962815545,0.0
emb_310,-0.00034576402693218264,0.0001897541564833395
emb_511,-0.00034726606431658704,3.141477912742552e-05
emb_343,-0.00034800956770695277,0.0002427223538307133
emb_418,-0.00036079471735050994,0.00042185411901962336
emb_402,-0.00036134460754939647,0.0002996177291748074
emb_399,-0.0003622254688144144,0.00026218615774077533
emb_113,-0.00036549793088129777,0.00030443543675906406
emb_330,-0.0003831985245787761,0.0003870061389413943
emb_110,-0.0003920300840003721,0.0004320622281926704
emb_306,-0.0003931241069363489,0.00035404093368999497
emb_256,-0.0003968148177616815,0.0004052066501614333
emb_77,-0.00040132288811851603,0.00045549379347257666
emb_432,-0.0004021167111859514,0.00020027497461736748
emb_1,-0.00040364416304266014,8.159312422125405e-05
emb_437,-0.00040370753436320684,0.0003606025753731846
emb_284,-0.0004084406929614648,0.00038799766421661455
emb_62,-0.00041188065053907594,0.0005528767880957684
emb_494,-0.0004123199077797013,0.00034036424939248806
emb_149,-0.00042495721130935137,0.0002186481159565738
emb_4,-0.0004311059075571055,8.589078344165636e-05
emb_138,-0.00043419599743446116,0.0002667789032988271
emb_463,-0.00044007314660285954,0.00034277767243148707
emb_424,-0.0004439917970822993,0.0003767067891270173
emb_144,-0.0004444060233667724,0.00023418217902811304
emb_152,-0.000448052924969744,0.0005043969494950018
emb_363,-0.0004485953101575291,0.00017539714530368422
emb_257,-0.00045005968912337213,0.00017348294154198802
emb_167,-0.00045868183073665135,0.00032643843661085117
emb_33,-0.00046055076000433014,0.00040791796684118783
emb_208,-0.0004616501044906629,0.0005773130278920761
emb_135,-0.0004639604890259941,0.00010286580215390593
emb_203,-0.00047264915350622163,4.14604477359697e-05
emb_45,-0.00047454088115832515,0.00019884426037340762
emb_238,-0.0004772589352932677,0.0003055391299859951
emb_358,-0.0004812183623663202,0.00019424764112028947
emb_83,-0.0004826205788645233,0.00016361464180101787
emb_197,-0.00048327595323542915,0.00013471878394143123
emb_414,-0.00048702681137398064,0.00029246668459647387
emb_298,-0.0005016977922254195,0.00033557678464133365
emb_78,-0.0005050385420730219,0.00044401693734901203
emb_133,-0.0005076085969425437,0.0001897467463775487
emb_401,-0.0005129210652998984,0.00015971888098437865
emb_31,-0.0005134031082287827,0.0002435938611970502
emb_307,-0.0005141381002914391,0.00012309531746511863
emb_139,-0.0005152416603814603,9.27771482368982e-05
emb_397,-0.0005187584700745651,0.00029614320670356904
emb_258,-0.0005502690630843521,0.0002781065860380046
emb_0,-0.0005952020169676553,0.0006494416825838274
emb_72,-0.0005955298164820766,0.00045507408792447285
emb_171,-0.0006053873082813466,0.00028215566572031484
emb_5,-0.0006219532288501472,0.0003420547776552245
emb_150,-0.0006329620260098867,0.0001226985927412911
emb_91,-0.0006548112126498528,0.0004971578055008843
emb_416,-0.0006549080587241685,0.0003903360332128261
emb_411,-0.0006695750488914243,0.00013138415041195748
emb_331,-0.0007242149691979005,0.0006968557775525979
emb_449,-0.0007381408444949722,0.0003515223252324542
emb_198,-0.0007543287576087909,0.00017196625029379728
emb_248,-0.0007734543388584258,0.0003614919869263576
emb_278,-0.0008327089136453524,0.000689935583453138
emb_303,-0.0008599767142177805,0.0005909031786895831
